--INSERT:

--MENIU:
INSERT INTO MENIU (COD_PRODUS, DENUMIRE, CATEGORIE, PRET, DISPONIBILITATE) VALUES (100, 'Pizza Margherita', 'Pizza', 20.00, 'Disponibil');
INSERT INTO MENIU (COD_PRODUS, DENUMIRE, CATEGORIE, PRET, DISPONIBILITATE) VALUES (101, 'Paste Carbonara', 'Paste', 15.00, 'Disponibil');
INSERT INTO MENIU (COD_PRODUS, DENUMIRE, CATEGORIE, PRET, DISPONIBILITATE) VALUES (102, 'Burger Clasic', 'Burger', 18.50, 'Disponibil');
INSERT INTO MENIU (COD_PRODUS, DENUMIRE, CATEGORIE, PRET, DISPONIBILITATE) VALUES (103, 'Salata Caesar', 'Salata', 12.00, 'Disponibil');
INSERT INTO MENIU (COD_PRODUS, DENUMIRE, CATEGORIE, PRET, DISPONIBILITATE) VALUES (104, 'Supa de Rosii', 'Supa', 8.00, 'Disponibil');

--CLIENTI:
INSERT INTO CLIENTI (COD_CLIENT, NUME, PRENUME, TELEFON, ADRESA, EMAIL) VALUES (1, 'Apetroaei', 'Emanuela', '0732123456', 'Str. Florii', 'user@email.com');
INSERT INTO CLIENTI (COD_CLIENT, NUME, PRENUME, TELEFON, ADRESA, EMAIL) VALUES (2, 'Apetroaei', 'Monica', '0732123456', 'Str. Republicii, Nr. 5', 'ape.monica@email.com');
INSERT INTO CLIENTI (COD_CLIENT, NUME, PRENUME, TELEFON, ADRESA, EMAIL) VALUES (3, 'Portariu', 'Vnesa', '0765123456', 'Bd. Libertatii, Nr. 22', 'vanesa.sv@email.com');
INSERT INTO CLIENTI (COD_CLIENT, NUME, PRENUME, TELEFON, ADRESA, EMAIL) VALUES (4, 'Perijoc', 'Roxana', '0744123456', 'Aleea Florilor, Nr. 15', 'roxi.roxi@email.com');
INSERT INTO CLIENTI (COD_CLIENT, NUME, PRENUME, TELEFON, ADRESA, EMAIL) VALUES (5, 'Cocris', 'Ana', '0788123456', 'Piata Unirii, Nr. 7', 'cocris.ana2002@email.com');

--COMENZI:
INSERT INTO COMENZI (COD_COMANDA, COD_CLIENT, DATA_COMANDA, COST_TOTAL)VALUES (1, 1, TO_DATE('2024-01-03', 'YYYY-MM-DD'), 40.00);
INSERT INTO COMENZI (COD_COMANDA, COD_CLIENT, DATA_COMANDA, COST_TOTAL) VALUES (2, 2, TO_DATE('2024-01-03', 'YYYY-MM-DD'), 15.00);
INSERT INTO COMENZI (COD_COMANDA, COD_CLIENT, DATA_COMANDA, COST_TOTAL) VALUES (3, 3, TO_DATE('2024-01-03', 'YYYY-MM-DD'), 45.00);
INSERT INTO COMENZI (COD_COMANDA, COD_CLIENT, DATA_COMANDA, COST_TOTAL) VALUES (4, 4, TO_DATE('2024-01-03', 'YYYY-MM-DD'), 25.00);
INSERT INTO COMENZI (COD_COMANDA, COD_CLIENT, DATA_COMANDA, COST_TOTAL) VALUES (5, 5, TO_DATE('2024-01-03', 'YYYY-MM-DD'), 8.00);

--DETALII_COMENZI:
INSERT INTO DETALII_COMENZI (COD_DETALIU, COD_COMANDA, COD_PRODUS, CANTITATE, PRET_UNITAR) VALUES (1, 1, 100, 2, 20.00);
INSERT INTO DETALII_COMENZI (COD_DETALIU, COD_COMANDA, COD_PRODUS, CANTITATE, PRET_UNITAR) VALUES (2, 2, 101, 1, 15.00);
INSERT INTO DETALII_COMENZI (COD_DETALIU, COD_COMANDA, COD_PRODUS, CANTITATE, PRET_UNITAR) VALUES (3, 3, 102, 3, 15.00);
INSERT INTO DETALII_COMENZI (COD_DETALIU, COD_COMANDA, COD_PRODUS, CANTITATE, PRET_UNITAR) VALUES (4, 4, 103, 1, 25.00);
INSERT INTO DETALII_COMENZI (COD_DETALIU, COD_COMANDA, COD_PRODUS, CANTITATE, PRET_UNITAR) VALUES (5, 5, 104, 1, 8.00);

--FACTURI:
INSERT INTO FACTURI (COD_FACTURA, COD_COMANDA, DATA_EMITERE, SUMA_TOTALA) VALUES (1, 1, TO_DATE('2024-01-03', 'YYYY-MM-DD'), 40.00);
INSERT INTO FACTURI (COD_FACTURA, COD_COMANDA, DATA_EMITERE, SUMA_TOTALA) VALUES (2, 2, TO_DATE('2024-01-03', 'YYYY-MM-DD'), 15.00);
INSERT INTO FACTURI (COD_FACTURA, COD_COMANDA, DATA_EMITERE, SUMA_TOTALA) VALUES (3, 3, TO_DATE('2024-01-03', 'YYYY-MM-DD'), 45.00);
INSERT INTO FACTURI (COD_FACTURA, COD_COMANDA, DATA_EMITERE, SUMA_TOTALA) VALUES (4, 4, TO_DATE('2024-01-03', 'YYYY-MM-DD'), 25.00);
INSERT INTO FACTURI (COD_FACTURA, COD_COMANDA, DATA_EMITERE, SUMA_TOTALA) VALUES (5, 5, TO_DATE('2024-01-03', 'YYYY-MM-DD'), 8.00);

--REZERVARI:
INSERT INTO REZERVARI (COD_REZERVARE, COD_CLIENT, DATA_REZERVARE, NR_PERSOANE) VALUES (1, 1, TO_DATE('2024-01-03', 'YYYY-MM-DD'), 4);
INSERT INTO REZERVARI (COD_REZERVARE, COD_CLIENT, DATA_REZERVARE, NR_PERSOANE) VALUES (2, 2, TO_DATE('2024-01-03', 'YYYY-MM-DD'), 2);
INSERT INTO REZERVARI (COD_REZERVARE, COD_CLIENT, DATA_REZERVARE, NR_PERSOANE) VALUES (3, 3, TO_DATE('2024-01-03', 'YYYY-MM-DD'), 5);
INSERT INTO REZERVARI (COD_REZERVARE, COD_CLIENT, DATA_REZERVARE, NR_PERSOANE) VALUES (4, 4, TO_DATE('2024-01-03', 'YYYY-MM-DD'), 3);
INSERT INTO REZERVARI (COD_REZERVARE, COD_CLIENT, DATA_REZERVARE, NR_PERSOANE) VALUES (5, 5, TO_DATE('2024-01-03', 'YYYY-MM-DD'), 1);

--PLATI:
INSERT INTO PLATI (COD_PLATA, COD_COMANDA, DATA_PLATA, METODA_PLATA, SUMA) VALUES (1, 1, TO_DATE('2024-01-03', 'YYYY-MM-DD'), 'Card', 40.00);
INSERT INTO PLATI (COD_PLATA, COD_COMANDA, DATA_PLATA, METODA_PLATA, SUMA) VALUES (2, 2, TO_DATE('2024-01-03', 'YYYY-MM-DD'), 'Cash', 15.00);
INSERT INTO PLATI (COD_PLATA, COD_COMANDA, DATA_PLATA, METODA_PLATA, SUMA) VALUES (3, 3, TO_DATE('2024-01-03', 'YYYY-MM-DD'), 'Card', 45.00);
INSERT INTO PLATI (COD_PLATA, COD_COMANDA, DATA_PLATA, METODA_PLATA, SUMA) VALUES (4, 4, TO_DATE('2024-01-03', 'YYYY-MM-DD'), 'Cash', 25.00);
INSERT INTO PLATI (COD_PLATA, COD_COMANDA, DATA_PLATA, METODA_PLATA, SUMA) VALUES (5, 5, TO_DATE('2024-01-03', 'YYYY-MM-DD'), 'Card', 8.00);

--UPDATE:
--Availability update for the product with code 2 in the MENIURI table:
UPDATE MENIURI SET DISPONIBILITATE = 'Limitat' WHERE COD_PRODUS = 102;

--Update phone number for the customer with COD_CLIENT = 1 in the CLIENTI table:
UPDATE CLIENTI SET TELEFON = '9876543210' WHERE COD_CLIENT = 1;

--Update NR_PERSOANE to 3 for reservation with COD_REZERVARE = 1 in REZERVARI table:
UPDATE REZERVARI SET NR_PERSOANE = 3 WHERE COD_REZERVARE = 1;

--DELETE:
--Delete products with a price less than 15 from the MENIURI table:
DELETE FROM MENIURI WHERE PRET < 15;

--Delete all products from the MENIURI that are not available (AVAILABILITY != 'Available'):
DELETE FROM MENIURI WHERE DISPONIBILITATE != 'Disponibil';

--Delete all payments made with an amount less than 20 lei:
DELETE FROM PLATI WHERE SUMA < 20;

--MERGE:
--Updated personal data:
MERGE INTO CLIENTI c
USING (SELECT 1 AS COD_CLIENT, 'Apetroaei' AS NUME, 'Catalina' AS PRENUME, '0758136600' AS TELEFON, 'Str.Tineretului' AS ADRESA, 'emacatalina2002@email.com' AS EMAIL FROM DUAL) new_data
ON (c.COD_CLIENT = new_data.COD_CLIENT)
WHEN MATCHED THEN
UPDATE SET c.NUME = new_data.NUME, c.PRENUME = new_data.PRENUME, c.TELEFON = new_data.TELEFON, c.ADRESA = new_data.ADRESA, c.EMAIL = new_data.EMAIL
WHEN NOT MATCHED THEN
INSERT (COD_CLIENT, NUME, PRENUME, TELEFON, ADRESA, EMAIL) VALUES (new_data.COD_CLIENT, new_data.NUME, new_data.PRENUME, new_data.TELEFON, new_data.ADRESA, new_data.EMAIL);